Time [s], Analyzer Name, Decoded Protocol Result
5.733518250000000,SPI,MOSI: 0x81;  MISO: 0xFF
5.733638000000000,SPI,MOSI: 0x00;  MISO: 0x00
5.733680500000000,SPI,MOSI: 0x00;  MISO: 0x02
11.313498750000001,SPI,MOSI: 0xC6;  MISO: 0xFF
11.313618625000000,SPI,MOSI: 0x00;  MISO: 0xC8
11.313661124999999,SPI,MOSI: 0x00;  MISO: 0x02
